Quarter,Market_Vendor,Market_Share
2013Q1,Apple,76.98
2013Q2,Apple,76.14
2013Q3,Apple,74.31
2013Q4,Apple,73.86
2014Q1,Apple,72.59
2014Q2,Apple,71.33
2014Q3,Apple,72.12
2014Q4,Apple,69.84
2015Q1,Apple,66.46
2015Q2,Apple,65.49
2015Q3,Apple,65.46
2015Q4,Apple,65.88
2016Q1,Apple,66.04
2016Q2,Apple,65.47
2016Q3,Apple,65.62
2016Q4,Apple,66.31
2017Q1,Apple,66.03
2017Q2,Apple,64.98
2017Q3,Apple,64.88
2017Q4,Apple,66.25
2018Q1,Apple,65.32
2018Q2,Apple,66.25
2018Q3,Apple,66.99
2018Q4,Apple,72.39
2019Q1,Apple,72.76
2019Q2,Apple,70.81
2019Q3,Apple,71.68
2019Q4,Apple,64.22
2020Q1,Apple,60.23
2020Q2,Apple,59.74
2020Q3,Apple,58.74
2020Q4,Apple,58.09
2021Q1,Apple,56.17
2021Q2,Apple,55.31
2021Q3,Apple,54.98
2021Q4,Apple,55.52
2022Q1,Apple,54.19
2022Q2,Apple,53.27
2022Q3,Apple,51.67
2022Q4,Apple,50.89
2023Q1,Apple,51.86
2023Q2,Apple,54.63
2023Q3,Apple,54.79
2023Q4,Apple,54.38
2024Q1,Apple,53.98
2024Q2,Apple,55.54
2024Q3,Apple,55.87
2024Q4,Apple,54.07
2025Q1,Apple,51.78
2025Q2,Apple,49.21
2025Q3,Apple,49.53
2025Q4,Apple,52.21
2026Q1,Apple,52.8
2026Q2,Apple,51.28
2013Q1,Samsung,9.05
2013Q2,Samsung,10.72
2013Q3,Samsung,11.59
2013Q4,Samsung,10.83
2014Q1,Samsung,11.44
2014Q2,Samsung,13.27
2014Q3,Samsung,13.25
2014Q4,Samsung,14.96
2015Q1,Samsung,15.91
2015Q2,Samsung,15.99
2015Q3,Samsung,16.46
2015Q4,Samsung,16.81
2016Q1,Samsung,16.55
2016Q2,Samsung,17.38
2016Q3,Samsung,17.27
2016Q4,Samsung,17.64
2017Q1,Samsung,17.72
2017Q2,Samsung,18.75
2017Q3,Samsung,18.77
2017Q4,Samsung,17.75
2018Q1,Samsung,18.03
2018Q2,Samsung,17.62
2018Q3,Samsung,17.46
2018Q4,Samsung,14.3
2019Q1,Samsung,14.75
2019Q2,Samsung,15.76
2019Q3,Samsung,15.46
2019Q4,Samsung,18.74
2020Q1,Samsung,20.78
2020Q2,Samsung,21.07
2020Q3,Samsung,22.01
2020Q4,Samsung,23.27
2021Q1,Samsung,25.06
2021Q2,Samsung,26.2
2021Q3,Samsung,26.58
2021Q4,Samsung,26.57
2022Q1,Samsung,27.99
2022Q2,Samsung,28.51
2022Q3,Samsung,29.22
2022Q4,Samsung,30.08
2023Q1,Samsung,30.01
2023Q2,Samsung,27.88
2023Q3,Samsung,27.88
2023Q4,Samsung,27.7
2024Q1,Samsung,26.29
2024Q2,Samsung,25.72
2024Q3,Samsung,24.73
2024Q4,Samsung,26.13
2025Q1,Samsung,26.87
2025Q2,Samsung,27.74
2025Q3,Samsung,26.37
2025Q4,Samsung,24.98
2026Q1,Samsung,24.83
2026Q2,Samsung,25.79
2013Q1,Unknown,4.65
2013Q2,Unknown,4.46
2013Q3,Unknown,5.62
2013Q4,Unknown,7.03
2014Q1,Unknown,6.56
2014Q2,Unknown,4.92
2014Q3,Unknown,4.43
2014Q4,Unknown,4.67
2015Q1,Unknown,5.42
2015Q2,Unknown,6.63
2015Q3,Unknown,7.1
2015Q4,Unknown,7.39
2016Q1,Unknown,7.93
2016Q2,Unknown,7.68
2016Q3,Unknown,8.32
2016Q4,Unknown,7.09
2017Q1,Unknown,5.26
2017Q2,Unknown,4.71
2017Q3,Unknown,4.86
2017Q4,Unknown,4.98
2018Q1,Unknown,5.38
2018Q2,Unknown,5.07
2018Q3,Unknown,4.79
2018Q4,Unknown,6.11
2019Q1,Unknown,5.97
2019Q2,Unknown,4.38
2019Q3,Unknown,4.16
2019Q4,Unknown,5.35
2020Q1,Unknown,5.08
2020Q2,Unknown,4.6
2020Q3,Unknown,4.47
2020Q4,Unknown,4.11
2021Q1,Unknown,4.42
2021Q2,Unknown,4.46
2021Q3,Unknown,5.17
2021Q4,Unknown,5.68
2022Q1,Unknown,6.0
2022Q2,Unknown,6.24
2022Q3,Unknown,7.13
2022Q4,Unknown,7.0
2023Q1,Unknown,7.23
2023Q2,Unknown,6.94
2023Q3,Unknown,7.17
2023Q4,Unknown,7.37
2024Q1,Unknown,10.13
2024Q2,Unknown,7.05
2024Q3,Unknown,6.37
2024Q4,Unknown,5.94
2025Q1,Unknown,6.99
2025Q2,Unknown,7.68
2025Q3,Unknown,8.6
2025Q4,Unknown,8.48
2026Q1,Unknown,8.65
2026Q2,Unknown,9.05
2013Q1,Amazon,3.47
2013Q2,Amazon,3.22
2013Q3,Amazon,3.18
2013Q4,Amazon,3.11
2014Q1,Amazon,3.39
2014Q2,Amazon,2.94
2014Q3,Amazon,2.88
2014Q4,Amazon,2.64
2015Q1,Amazon,2.79
2015Q2,Amazon,2.73
2015Q3,Amazon,2.53
2015Q4,Amazon,1.64
2016Q1,Amazon,1.48
2016Q2,Amazon,1.39
2016Q3,Amazon,1.35
2016Q4,Amazon,1.44
2017Q1,Amazon,2.26
2017Q2,Amazon,2.4
2017Q3,Amazon,2.61
2017Q4,Amazon,2.64
2018Q1,Amazon,2.94
2018Q2,Amazon,3.44
2018Q3,Amazon,3.54
2018Q4,Amazon,1.93
2019Q1,Amazon,1.82
2019Q2,Amazon,3.23
2019Q3,Amazon,3.35
2019Q4,Amazon,4.09
2020Q1,Amazon,5.15
2020Q2,Amazon,5.49
2020Q3,Amazon,5.43
2020Q4,Amazon,5.3
2021Q1,Amazon,5.33
2021Q2,Amazon,5.25
2021Q3,Amazon,5.46
2021Q4,Amazon,5.11
2022Q1,Amazon,4.74
2022Q2,Amazon,4.73
2022Q3,Amazon,5.0
2022Q4,Amazon,5.33
2023Q1,Amazon,4.78
2023Q2,Amazon,4.37
2023Q3,Amazon,4.02
2023Q4,Amazon,3.63
2024Q1,Amazon,3.3
2024Q2,Amazon,5.02
2024Q3,Amazon,5.56
2024Q4,Amazon,5.84
2025Q1,Amazon,6.08
2025Q2,Amazon,6.49
2025Q3,Amazon,6.62
2025Q4,Amazon,6.2
2026Q1,Amazon,6.01
2026Q2,Amazon,5.79
2013Q1,Asus,0.86
2013Q2,Asus,0.72
2013Q3,Asus,0.63
2013Q4,Asus,0.55
2014Q1,Asus,0.97
2014Q2,Asus,1.4
2014Q3,Asus,1.42
2014Q4,Asus,1.55
2015Q1,Asus,1.66
2015Q2,Asus,1.65
2015Q3,Asus,1.52
2015Q4,Asus,1.44
2016Q1,Asus,1.26
2016Q2,Asus,1.09
2016Q3,Asus,0.96
2016Q4,Asus,1.09
2017Q1,Asus,1.36
2017Q2,Asus,1.39
2017Q3,Asus,1.32
2017Q4,Asus,1.22
2018Q1,Asus,1.2
2018Q2,Asus,1.22
2018Q3,Asus,1.36
2018Q4,Asus,1.02
2019Q1,Asus,0.99
2019Q2,Asus,1.33
2019Q3,Asus,1.07
2019Q4,Asus,1.22
2020Q1,Asus,1.37
2020Q2,Asus,1.69
2020Q3,Asus,1.78
2020Q4,Asus,1.72
2021Q1,Asus,1.6
2021Q2,Asus,1.6
2021Q3,Asus,1.48
2021Q4,Asus,1.23
2022Q1,Asus,1.1
2022Q2,Asus,1.11
2022Q3,Asus,0.91
2022Q4,Asus,0.7
2023Q1,Asus,0.64
2023Q2,Asus,0.67
2023Q3,Asus,0.64
2023Q4,Asus,0.57
2024Q1,Asus,0.46
2024Q2,Asus,0.45
2024Q3,Asus,0.42
2024Q4,Asus,0.37
2025Q1,Asus,0.25
2025Q2,Asus,0.15
2025Q3,Asus,0.15
2025Q4,Asus,0.15
2026Q1,Asus,0.11
2026Q2,Asus,0.08
2013Q1,Google,1.67
2013Q2,Google,1.67
2013Q3,Google,1.72
2013Q4,Google,1.91
2014Q1,Google,1.97
2014Q2,Google,1.97
2014Q3,Google,1.85
2014Q4,Google,1.73
2015Q1,Google,1.66
2015Q2,Google,1.62
2015Q3,Google,1.27
2015Q4,Google,1.24
2016Q1,Google,1.15
2016Q2,Google,1.1
2016Q3,Google,1.06
2016Q4,Google,0.96
2017Q1,Google,0.77
2017Q2,Google,0.71
2017Q3,Google,0.71
2017Q4,Google,0.66
2018Q1,Google,0.61
2018Q2,Google,0.58
2018Q3,Google,0.49
2018Q4,Google,0.41
2019Q1,Google,0.36
2019Q2,Google,0.35
2019Q3,Google,0.31
2019Q4,Google,0.34
2020Q1,Google,0.33
2020Q2,Google,0.32
2020Q3,Google,0.32
2020Q4,Google,0.3
2021Q1,Google,0.28
2021Q2,Google,0.24
2021Q3,Google,0.22
2021Q4,Google,0.22
2022Q1,Google,0.18
2022Q2,Google,0.21
2022Q3,Google,0.18
2022Q4,Google,0.19
2023Q1,Google,0.18
2023Q2,Google,0.21
2023Q3,Google,0.2
2023Q4,Google,0.23
2024Q1,Google,0.17
2024Q2,Google,0.13
2024Q3,Google,0.23
2024Q4,Google,0.08
2025Q1,Google,0.09
2025Q2,Google,0.06
2025Q3,Google,0.06
2025Q4,Google,0.09
2026Q1,Google,0.16
2026Q2,Google,0.15
2013Q1,Acer,0.44
2013Q2,Acer,0.53
2013Q3,Acer,0.51
2013Q4,Acer,0.46
2014Q1,Acer,0.64
2014Q2,Acer,0.9
2014Q3,Acer,1.01
2014Q4,Acer,1.13
2015Q1,Acer,1.1
2015Q2,Acer,1.09
2015Q3,Acer,1.0
2015Q4,Acer,0.92
2016Q1,Acer,0.81
2016Q2,Acer,0.72
2016Q3,Acer,0.65
2016Q4,Acer,0.69
2017Q1,Acer,0.76
2017Q2,Acer,0.74
2017Q3,Acer,0.73
2017Q4,Acer,0.76
2018Q1,Acer,0.75
2018Q2,Acer,0.7
2018Q3,Acer,0.61
2018Q4,Acer,0.4
2019Q1,Acer,0.36
2019Q2,Acer,0.51
2019Q3,Acer,0.47
2019Q4,Acer,0.52
2020Q1,Acer,0.51
2020Q2,Acer,0.5
2020Q3,Acer,0.46
2020Q4,Acer,0.4
2021Q1,Acer,0.36
2021Q2,Acer,0.33
2021Q3,Acer,0.29
2021Q4,Acer,0.25
2022Q1,Acer,0.23
2022Q2,Acer,0.22
2022Q3,Acer,0.2
2022Q4,Acer,0.2
2023Q1,Acer,0.19
2023Q2,Acer,0.18
2023Q3,Acer,0.16
2023Q4,Acer,0.16
2024Q1,Acer,0.12
2024Q2,Acer,0.11
2024Q3,Acer,0.19
2024Q4,Acer,0.27
2025Q1,Acer,0.27
2025Q2,Acer,0.3
2025Q3,Acer,0.44
2025Q4,Acer,0.41
2026Q1,Acer,0.3
2026Q2,Acer,0.32
2013Q1,Huawei,0.0
2013Q2,Huawei,0.0
2013Q3,Huawei,0.0
2013Q4,Huawei,0.0
2014Q1,Huawei,0.0
2014Q2,Huawei,0.0
2014Q3,Huawei,0.0
2014Q4,Huawei,0.0
2015Q1,Huawei,0.0
2015Q2,Huawei,0.0
2015Q3,Huawei,0.0
2015Q4,Huawei,0.0
2016Q1,Huawei,0.0
2016Q2,Huawei,0.0
2016Q3,Huawei,0.0
2016Q4,Huawei,0.0
2017Q1,Huawei,0.0
2017Q2,Huawei,0.01
2017Q3,Huawei,0.01
2017Q4,Huawei,0.01
2018Q1,Huawei,0.01
2018Q2,Huawei,0.01
2018Q3,Huawei,0.01
2018Q4,Huawei,0.0
2019Q1,Huawei,0.0
2019Q2,Huawei,0.01
2019Q3,Huawei,0.31
2019Q4,Huawei,1.9
2020Q1,Huawei,2.88
2020Q2,Huawei,3.22
2020Q3,Huawei,3.54
2020Q4,Huawei,3.88
2021Q1,Huawei,3.98
2021Q2,Huawei,3.92
2021Q3,Huawei,3.67
2021Q4,Huawei,3.48
2022Q1,Huawei,3.15
2022Q2,Huawei,3.14
2022Q3,Huawei,2.93
2022Q4,Huawei,2.75
2023Q1,Huawei,2.55
2023Q2,Huawei,2.39
2023Q3,Huawei,2.17
2023Q4,Huawei,2.44
2024Q1,Huawei,2.14
2024Q2,Huawei,2.05
2024Q3,Huawei,1.98
2024Q4,Huawei,1.95
2025Q1,Huawei,1.98
2025Q2,Huawei,1.9
2025Q3,Huawei,1.84
2025Q4,Huawei,1.73
2026Q1,Huawei,1.66
2026Q2,Huawei,1.67
2013Q1,Lenovo,0.0
2013Q2,Lenovo,0.0
2013Q3,Lenovo,0.0
2013Q4,Lenovo,0.07
2014Q1,Lenovo,0.19
2014Q2,Lenovo,0.5
2014Q3,Lenovo,0.52
2014Q4,Lenovo,0.52
2015Q1,Lenovo,0.48
2015Q2,Lenovo,0.45
2015Q3,Lenovo,0.41
2015Q4,Lenovo,0.38
2016Q1,Lenovo,0.42
2016Q2,Lenovo,0.54
2016Q3,Lenovo,0.53
2016Q4,Lenovo,0.61
2017Q1,Lenovo,0.67
2017Q2,Lenovo,0.66
2017Q3,Lenovo,0.63
2017Q4,Lenovo,0.6
2018Q1,Lenovo,0.56
2018Q2,Lenovo,0.56
2018Q3,Lenovo,0.51
2018Q4,Lenovo,0.31
2019Q1,Lenovo,0.25
2019Q2,Lenovo,0.35
2019Q3,Lenovo,0.33
2019Q4,Lenovo,0.37
2020Q1,Lenovo,0.37
2020Q2,Lenovo,0.32
2020Q3,Lenovo,0.31
2020Q4,Lenovo,0.26
2021Q1,Lenovo,0.22
2021Q2,Lenovo,0.21
2021Q3,Lenovo,0.19
2021Q4,Lenovo,0.16
2022Q1,Lenovo,0.12
2022Q2,Lenovo,0.11
2022Q3,Lenovo,0.11
2022Q4,Lenovo,0.09
2023Q1,Lenovo,0.06
2023Q2,Lenovo,0.06
2023Q3,Lenovo,0.04
2023Q4,Lenovo,0.25
2024Q1,Lenovo,0.33
2024Q2,Lenovo,0.37
2024Q3,Lenovo,0.53
2024Q4,Lenovo,0.77
2025Q1,Lenovo,1.06
2025Q2,Lenovo,1.53
2025Q3,Lenovo,1.61
2025Q4,Lenovo,1.55
2026Q1,Lenovo,1.52
2026Q2,Lenovo,1.57
2013Q1,Microsoft,0.21
2013Q2,Microsoft,0.28
2013Q3,Microsoft,0.42
2013Q4,Microsoft,0.45
2014Q1,Microsoft,0.3
2014Q2,Microsoft,0.2
2014Q3,Microsoft,0.12
2014Q4,Microsoft,0.33
2015Q1,Microsoft,1.13
2015Q2,Microsoft,0.94
2015Q3,Microsoft,0.79
2015Q4,Microsoft,0.79
2016Q1,Microsoft,0.69
2016Q2,Microsoft,0.61
2016Q3,Microsoft,0.53
2016Q4,Microsoft,0.46
2017Q1,Microsoft,0.38
2017Q2,Microsoft,0.34
2017Q3,Microsoft,0.32
2017Q4,Microsoft,0.28
2018Q1,Microsoft,0.25
2018Q2,Microsoft,0.23
2018Q3,Microsoft,0.2
2018Q4,Microsoft,0.19
2019Q1,Microsoft,0.18
2019Q2,Microsoft,0.15
2019Q3,Microsoft,0.13
2019Q4,Microsoft,0.14
2020Q1,Microsoft,0.15
2020Q2,Microsoft,0.11
2020Q3,Microsoft,0.09
2020Q4,Microsoft,0.08
2021Q1,Microsoft,0.08
2021Q2,Microsoft,0.05
2021Q3,Microsoft,0.05
2021Q4,Microsoft,0.05
2022Q1,Microsoft,0.03
2022Q2,Microsoft,0.03
2022Q3,Microsoft,0.03
2022Q4,Microsoft,0.03
2023Q1,Microsoft,0.02
2023Q2,Microsoft,0.02
2023Q3,Microsoft,0.02
2023Q4,Microsoft,0.01
2024Q1,Microsoft,0.01
2024Q2,Microsoft,0.02
2024Q3,Microsoft,0.01
2024Q4,Microsoft,0.0
2025Q1,Microsoft,0.0
2025Q2,Microsoft,0.01
2025Q3,Microsoft,0.0
2025Q4,Microsoft,0.01
2026Q1,Microsoft,0.0
2026Q2,Microsoft,0.0
2013Q1,General Mobile,0.0
2013Q2,General Mobile,0.0
2013Q3,General Mobile,0.0
2013Q4,General Mobile,0.0
2014Q1,General Mobile,0.06
2014Q2,General Mobile,0.3
2014Q3,General Mobile,0.2
2014Q4,General Mobile,0.22
2015Q1,General Mobile,0.26
2015Q2,General Mobile,0.34
2015Q3,General Mobile,0.32
2015Q4,General Mobile,0.33
2016Q1,General Mobile,0.68
2016Q2,General Mobile,1.12
2016Q3,General Mobile,0.97
2016Q4,General Mobile,0.78
2017Q1,General Mobile,0.59
2017Q2,General Mobile,0.75
2017Q3,General Mobile,0.55
2017Q4,General Mobile,0.48
2018Q1,General Mobile,0.42
2018Q2,General Mobile,0.29
2018Q3,General Mobile,0.22
2018Q4,General Mobile,0.22
2019Q1,General Mobile,0.19
2019Q2,General Mobile,0.19
2019Q3,General Mobile,0.15
2019Q4,General Mobile,0.19
2020Q1,General Mobile,0.25
2020Q2,General Mobile,0.26
2020Q3,General Mobile,0.18
2020Q4,General Mobile,0.13
2021Q1,General Mobile,0.12
2021Q2,General Mobile,0.11
2021Q3,General Mobile,0.09
2021Q4,General Mobile,0.08
2022Q1,General Mobile,0.18
2022Q2,General Mobile,0.18
2022Q3,General Mobile,0.19
2022Q4,General Mobile,0.16
2023Q1,General Mobile,0.11
2023Q2,General Mobile,0.11
2023Q3,General Mobile,0.09
2023Q4,General Mobile,0.1
2024Q1,General Mobile,0.15
2024Q2,General Mobile,0.07
2024Q3,General Mobile,0.07
2024Q4,General Mobile,0.09
2025Q1,General Mobile,0.08
2025Q2,General Mobile,0.1
2025Q3,General Mobile,0.06
2025Q4,General Mobile,0.04
2026Q1,General Mobile,0.02
2026Q2,General Mobile,0.01
2013Q1,Sony,0.26
2013Q2,Sony,0.22
2013Q3,Sony,0.19
2013Q4,Sony,0.16
2014Q1,Sony,0.21
2014Q2,Sony,0.34
2014Q3,Sony,0.37
2014Q4,Sony,0.38
2015Q1,Sony,0.39
2015Q2,Sony,0.39
2015Q3,Sony,0.35
2015Q4,Sony,0.43
2016Q1,Sony,0.43
2016Q2,Sony,0.4
2016Q3,Sony,0.31
2016Q4,Sony,0.3
2017Q1,Sony,0.35
2017Q2,Sony,0.37
2017Q3,Sony,0.38
2017Q4,Sony,0.37
2018Q1,Sony,0.35
2018Q2,Sony,0.36
2018Q3,Sony,0.34
2018Q4,Sony,0.18
2019Q1,Sony,0.16
2019Q2,Sony,0.27
2019Q3,Sony,0.24
2019Q4,Sony,0.29
2020Q1,Sony,0.3
2020Q2,Sony,0.31
2020Q3,Sony,0.29
2020Q4,Sony,0.28
2021Q1,Sony,0.26
2021Q2,Sony,0.24
2021Q3,Sony,0.22
2021Q4,Sony,0.2
2022Q1,Sony,0.18
2022Q2,Sony,0.18
2022Q3,Sony,0.14
2022Q4,Sony,0.12
2023Q1,Sony,0.11
2023Q2,Sony,0.12
2023Q3,Sony,0.12
2023Q4,Sony,0.12
2024Q1,Sony,0.1
2024Q2,Sony,0.1
2024Q3,Sony,0.1
2024Q4,Sony,0.08
2025Q1,Sony,0.06
2025Q2,Sony,0.05
2025Q3,Sony,0.04
2025Q4,Sony,0.04
2026Q1,Sony,0.03
2026Q2,Sony,0.03
2013Q1,Barnes & Noble,0.47
2013Q2,Barnes & Noble,0.37
2013Q3,Barnes & Noble,0.3
2013Q4,Barnes & Noble,0.22
2014Q1,Barnes & Noble,0.46
2014Q2,Barnes & Noble,0.53
2014Q3,Barnes & Noble,0.46
2014Q4,Barnes & Noble,0.37
2015Q1,Barnes & Noble,0.32
2015Q2,Barnes & Noble,0.27
2015Q3,Barnes & Noble,0.23
2015Q4,Barnes & Noble,0.19
2016Q1,Barnes & Noble,0.16
2016Q2,Barnes & Noble,0.14
2016Q3,Barnes & Noble,0.12
2016Q4,Barnes & Noble,0.09
2017Q1,Barnes & Noble,0.07
2017Q2,Barnes & Noble,0.08
2017Q3,Barnes & Noble,0.07
2017Q4,Barnes & Noble,0.05
2018Q1,Barnes & Noble,0.04
2018Q2,Barnes & Noble,0.04
2018Q3,Barnes & Noble,0.04
2018Q4,Barnes & Noble,0.03
2019Q1,Barnes & Noble,0.02
2019Q2,Barnes & Noble,0.02
2019Q3,Barnes & Noble,0.02
2019Q4,Barnes & Noble,0.02
2020Q1,Barnes & Noble,0.02
2020Q2,Barnes & Noble,0.01
2020Q3,Barnes & Noble,0.01
2020Q4,Barnes & Noble,0.01
2021Q1,Barnes & Noble,0.01
2021Q2,Barnes & Noble,0.01
2021Q3,Barnes & Noble,0.01
2021Q4,Barnes & Noble,0.01
2022Q1,Barnes & Noble,0.01
2022Q2,Barnes & Noble,0.01
2022Q3,Barnes & Noble,0.01
2022Q4,Barnes & Noble,0.02
2023Q1,Barnes & Noble,0.02
2023Q2,Barnes & Noble,0.03
2023Q3,Barnes & Noble,0.03
2023Q4,Barnes & Noble,0.03
2024Q1,Barnes & Noble,0.02
2024Q2,Barnes & Noble,0.01
2024Q3,Barnes & Noble,0.0
2024Q4,Barnes & Noble,0.0
2025Q1,Barnes & Noble,0.0
2025Q2,Barnes & Noble,0.0
2025Q3,Barnes & Noble,0.0
2025Q4,Barnes & Noble,0.0
2026Q1,Barnes & Noble,0.0
2026Q2,Barnes & Noble,0.0
2013Q1,Verizon,0.0
2013Q2,Verizon,0.0
2013Q3,Verizon,0.0
2013Q4,Verizon,0.0
2014Q1,Verizon,0.04
2014Q2,Verizon,0.11
2014Q3,Verizon,0.17
2014Q4,Verizon,0.26
2015Q1,Verizon,0.35
2015Q2,Verizon,0.34
2015Q3,Verizon,0.35
2015Q4,Verizon,0.35
2016Q1,Verizon,0.35
2016Q2,Verizon,0.32
2016Q3,Verizon,0.34
2016Q4,Verizon,0.31
2017Q1,Verizon,0.3
2017Q2,Verizon,0.3
2017Q3,Verizon,0.31
2017Q4,Verizon,0.28
2018Q1,Verizon,0.28
2018Q2,Verizon,0.25
2018Q3,Verizon,0.24
2018Q4,Verizon,0.15
2019Q1,Verizon,0.13
2019Q2,Verizon,0.17
2019Q3,Verizon,0.16
2019Q4,Verizon,0.18
2020Q1,Verizon,0.16
2020Q2,Verizon,0.15
2020Q3,Verizon,0.13
2020Q4,Verizon,0.12
2021Q1,Verizon,0.11
2021Q2,Verizon,0.1
2021Q3,Verizon,0.1
2021Q4,Verizon,0.08
2022Q1,Verizon,0.07
2022Q2,Verizon,0.07
2022Q3,Verizon,0.08
2022Q4,Verizon,0.06
2023Q1,Verizon,0.06
2023Q2,Verizon,0.07
2023Q3,Verizon,0.05
2023Q4,Verizon,0.03
2024Q1,Verizon,0.03
2024Q2,Verizon,0.03
2024Q3,Verizon,0.02
2024Q4,Verizon,0.02
2025Q1,Verizon,0.02
2025Q2,Verizon,0.02
2025Q3,Verizon,0.02
2025Q4,Verizon,0.01
2026Q1,Verizon,0.01
2026Q2,Verizon,0.01
2013Q1,RIM,0.86
2013Q2,RIM,0.69
2013Q3,RIM,0.58
2013Q4,RIM,0.49
2014Q1,RIM,0.37
2014Q2,RIM,0.3
2014Q3,RIM,0.22
2014Q4,RIM,0.19
2015Q1,RIM,0.18
2015Q2,RIM,0.16
2015Q3,RIM,0.17
2015Q4,RIM,0.13
2016Q1,RIM,0.1
2016Q2,RIM,0.09
2016Q3,RIM,0.08
2016Q4,RIM,0.06
2017Q1,RIM,0.05
2017Q2,RIM,0.05
2017Q3,RIM,0.04
2017Q4,RIM,0.04
2018Q1,RIM,0.03
2018Q2,RIM,0.03
2018Q3,RIM,0.03
2018Q4,RIM,0.03
2019Q1,RIM,0.02
2019Q2,RIM,0.03
2019Q3,RIM,0.01
2019Q4,RIM,0.0
2020Q1,RIM,0.01
2020Q2,RIM,0.02
2020Q3,RIM,0.02
2020Q4,RIM,0.01
2021Q1,RIM,0.01
2021Q2,RIM,0.01
2021Q3,RIM,0.01
2021Q4,RIM,0.01
2022Q1,RIM,0.01
2022Q2,RIM,0.01
2022Q3,RIM,0.01
2022Q4,RIM,0.01
2023Q1,RIM,0.01
2023Q2,RIM,0.01
2023Q3,RIM,0.03
2023Q4,RIM,0.03
2024Q1,RIM,0.02
2024Q2,RIM,0.02
2024Q3,RIM,0.02
2024Q4,RIM,0.01
2025Q1,RIM,0.0
2025Q2,RIM,0.0
2025Q3,RIM,0.0
2025Q4,RIM,0.01
2026Q1,RIM,0.01
2026Q2,RIM,0.0
2013Q1,Xiaomi,0.0
2013Q2,Xiaomi,0.0
2013Q3,Xiaomi,0.0
2013Q4,Xiaomi,0.0
2014Q1,Xiaomi,0.0
2014Q2,Xiaomi,0.0
2014Q3,Xiaomi,0.0
2014Q4,Xiaomi,0.01
2015Q1,Xiaomi,0.02
2015Q2,Xiaomi,0.04
2015Q3,Xiaomi,0.07
2015Q4,Xiaomi,0.08
2016Q1,Xiaomi,0.09
2016Q2,Xiaomi,0.1
2016Q3,Xiaomi,0.12
2016Q4,Xiaomi,0.1
2017Q1,Xiaomi,0.1
2017Q2,Xiaomi,0.11
2017Q3,Xiaomi,0.11
2017Q4,Xiaomi,0.11
2018Q1,Xiaomi,0.1
2018Q2,Xiaomi,0.11
2018Q3,Xiaomi,0.1
2018Q4,Xiaomi,0.11
2019Q1,Xiaomi,0.14
2019Q2,Xiaomi,0.16
2019Q3,Xiaomi,0.18
2019Q4,Xiaomi,0.22
2020Q1,Xiaomi,0.26
2020Q2,Xiaomi,0.28
2020Q3,Xiaomi,0.29
2020Q4,Xiaomi,0.27
2021Q1,Xiaomi,0.25
2021Q2,Xiaomi,0.27
2021Q3,Xiaomi,0.25
2021Q4,Xiaomi,0.23
2022Q1,Xiaomi,0.45
2022Q2,Xiaomi,0.63
2022Q3,Xiaomi,0.73
2022Q4,Xiaomi,0.81
2023Q1,Xiaomi,0.86
2023Q2,Xiaomi,1.05
2023Q3,Xiaomi,1.49
2023Q4,Xiaomi,1.69
2024Q1,Xiaomi,1.55
2024Q2,Xiaomi,2.05
2024Q3,Xiaomi,2.42
2024Q4,Xiaomi,2.55
2025Q1,Xiaomi,2.65
2025Q2,Xiaomi,2.74
2025Q3,Xiaomi,2.67
2025Q4,Xiaomi,2.39
2026Q1,Xiaomi,2.27
2026Q2,Xiaomi,2.49
2013Q1,RCA,0.0
2013Q2,RCA,0.0
2013Q3,RCA,0.0
2013Q4,RCA,0.0
2014Q1,RCA,0.02
2014Q2,RCA,0.04
2014Q3,RCA,0.02
2014Q4,RCA,0.05
2015Q1,RCA,0.23
2015Q2,RCA,0.19
2015Q3,RCA,0.18
2015Q4,RCA,0.15
2016Q1,RCA,0.22
2016Q2,RCA,0.34
2016Q3,RCA,0.35
2016Q4,RCA,0.29
2017Q1,RCA,0.33
2017Q2,RCA,0.34
2017Q3,RCA,0.38
2017Q4,RCA,0.42
2018Q1,RCA,0.65
2018Q2,RCA,0.4
2018Q3,RCA,0.37
2018Q4,RCA,0.17
2019Q1,RCA,0.14
2019Q2,RCA,0.22
2019Q3,RCA,0.22
2019Q4,RCA,0.22
2020Q1,RCA,0.19
2020Q2,RCA,0.17
2020Q3,RCA,0.13
2020Q4,RCA,0.11
2021Q1,RCA,0.1
2021Q2,RCA,0.08
2021Q3,RCA,0.08
2021Q4,RCA,0.06
2022Q1,RCA,0.05
2022Q2,RCA,0.05
2022Q3,RCA,0.05
2022Q4,RCA,0.04
2023Q1,RCA,0.03
2023Q2,RCA,0.04
2023Q3,RCA,0.02
2023Q4,RCA,0.02
2024Q1,RCA,0.02
2024Q2,RCA,0.02
2024Q3,RCA,0.01
2024Q4,RCA,0.01
2025Q1,RCA,0.01
2025Q2,RCA,0.01
2025Q3,RCA,0.01
2025Q4,RCA,0.01
2026Q1,RCA,0.01
2026Q2,RCA,0.01
2013Q1,Tesco,0.0
2013Q2,Tesco,0.0
2013Q3,Tesco,0.0
2013Q4,Tesco,0.0
2014Q1,Tesco,0.05
2014Q2,Tesco,0.09
2014Q3,Tesco,0.09
2014Q4,Tesco,0.13
2015Q1,Tesco,0.37
2015Q2,Tesco,0.28
2015Q3,Tesco,0.3
2015Q4,Tesco,0.27
2016Q1,Tesco,0.25
2016Q2,Tesco,0.22
2016Q3,Tesco,0.21
2016Q4,Tesco,0.18
2017Q1,Tesco,0.17
2017Q2,Tesco,0.16
2017Q3,Tesco,0.15
2017Q4,Tesco,0.14
2018Q1,Tesco,0.14
2018Q2,Tesco,0.12
2018Q3,Tesco,0.11
2018Q4,Tesco,0.1
2019Q1,Tesco,0.09
2019Q2,Tesco,0.09
2019Q3,Tesco,0.09
2019Q4,Tesco,0.1
2020Q1,Tesco,0.1
2020Q2,Tesco,0.09
2020Q3,Tesco,0.09
2020Q4,Tesco,0.08
2021Q1,Tesco,0.08
2021Q2,Tesco,0.07
2021Q3,Tesco,0.06
2021Q4,Tesco,0.06
2022Q1,Tesco,0.05
2022Q2,Tesco,0.05
2022Q3,Tesco,0.05
2022Q4,Tesco,0.05
2023Q1,Tesco,0.03
2023Q2,Tesco,0.03
2023Q3,Tesco,0.03
2023Q4,Tesco,0.03
2024Q1,Tesco,0.02
2024Q2,Tesco,0.02
2024Q3,Tesco,0.02
2024Q4,Tesco,0.01
2025Q1,Tesco,0.01
2025Q2,Tesco,0.01
2025Q3,Tesco,0.01
2025Q4,Tesco,0.01
2026Q1,Tesco,0.02
2026Q2,Tesco,0.01
2013Q1,Alcatel,0.0
2013Q2,Alcatel,0.0
2013Q3,Alcatel,0.0
2013Q4,Alcatel,0.0
2014Q1,Alcatel,0.0
2014Q2,Alcatel,0.0
2014Q3,Alcatel,0.0
2014Q4,Alcatel,0.01
2015Q1,Alcatel,0.08
2015Q2,Alcatel,0.11
2015Q3,Alcatel,0.1
2015Q4,Alcatel,0.09
2016Q1,Alcatel,0.07
2016Q2,Alcatel,0.07
2016Q3,Alcatel,0.07
2016Q4,Alcatel,0.1
2017Q1,Alcatel,0.24
2017Q2,Alcatel,0.26
2017Q3,Alcatel,0.27
2017Q4,Alcatel,0.25
2018Q1,Alcatel,0.26
2018Q2,Alcatel,0.26
2018Q3,Alcatel,0.25
2018Q4,Alcatel,0.17
2019Q1,Alcatel,0.14
2019Q2,Alcatel,0.16
2019Q3,Alcatel,0.15
2019Q4,Alcatel,0.17
2020Q1,Alcatel,0.21
2020Q2,Alcatel,0.21
2020Q3,Alcatel,0.2
2020Q4,Alcatel,0.25
2021Q1,Alcatel,0.33
2021Q2,Alcatel,0.29
2021Q3,Alcatel,0.25
2021Q4,Alcatel,0.22
2022Q1,Alcatel,0.32
2022Q2,Alcatel,0.36
2022Q3,Alcatel,0.39
2022Q4,Alcatel,0.37
2023Q1,Alcatel,0.3
2023Q2,Alcatel,0.24
2023Q3,Alcatel,0.21
2023Q4,Alcatel,0.19
2024Q1,Alcatel,0.16
2024Q2,Alcatel,0.14
2024Q3,Alcatel,0.13
2024Q4,Alcatel,0.13
2025Q1,Alcatel,0.13
2025Q2,Alcatel,0.13
2025Q3,Alcatel,0.1
2025Q4,Alcatel,0.08
2026Q1,Alcatel,0.07
2026Q2,Alcatel,0.06
2013Q1,Casper,0.0
2013Q2,Casper,0.0
2013Q3,Casper,0.0
2013Q4,Casper,0.0
2014Q1,Casper,0.0
2014Q2,Casper,0.0
2014Q3,Casper,0.02
2014Q4,Casper,0.03
2015Q1,Casper,0.08
2015Q2,Casper,0.16
2015Q3,Casper,0.22
2015Q4,Casper,0.25
2016Q1,Casper,0.19
2016Q2,Casper,0.16
2016Q3,Casper,0.15
2016Q4,Casper,0.19
2017Q1,Casper,0.3
2017Q2,Casper,0.31
2017Q3,Casper,0.31
2017Q4,Casper,0.23
2018Q1,Casper,0.2
2018Q2,Casper,0.11
2018Q3,Casper,0.15
2018Q4,Casper,0.09
2019Q1,Casper,0.1
2019Q2,Casper,0.14
2019Q3,Casper,0.08
2019Q4,Casper,0.09
2020Q1,Casper,0.11
2020Q2,Casper,0.11
2020Q3,Casper,0.16
2020Q4,Casper,0.12
2021Q1,Casper,0.12
2021Q2,Casper,0.11
2021Q3,Casper,0.11
2021Q4,Casper,0.08
2022Q1,Casper,0.07
2022Q2,Casper,0.06
2022Q3,Casper,0.06
2022Q4,Casper,0.06
2023Q1,Casper,0.04
2023Q2,Casper,0.04
2023Q3,Casper,0.03
2023Q4,Casper,0.03
2024Q1,Casper,0.02
2024Q2,Casper,0.02
2024Q3,Casper,0.02
2024Q4,Casper,0.03
2025Q1,Casper,0.02
2025Q2,Casper,0.04
2025Q3,Casper,0.02
2025Q4,Casper,0.01
2026Q1,Casper,0.01
2026Q2,Casper,0.0
2013Q1,woPad,0.02
2013Q2,woPad,0.1
2013Q3,woPad,0.16
2013Q4,woPad,0.21
2014Q1,woPad,0.19
2014Q2,woPad,0.18
2014Q3,woPad,0.15
2014Q4,woPad,0.15
2015Q1,woPad,0.14
2015Q2,woPad,0.15
2015Q3,woPad,0.15
2015Q4,woPad,0.14
2016Q1,woPad,0.12
2016Q2,woPad,0.1
2016Q3,woPad,0.08
2016Q4,woPad,0.07
2017Q1,woPad,0.05
2017Q2,woPad,0.04
2017Q3,woPad,0.04
2017Q4,woPad,0.03
2018Q1,woPad,0.03
2018Q2,woPad,0.04
2018Q3,woPad,0.03
2018Q4,woPad,0.03
2019Q1,woPad,0.03
2019Q2,woPad,0.05
2019Q3,woPad,0.03
2019Q4,woPad,0.02
2020Q1,woPad,0.02
2020Q2,woPad,0.01
2020Q3,woPad,0.02
2020Q4,woPad,0.01
2021Q1,woPad,0.01
2021Q2,woPad,0.02
2021Q3,woPad,0.02
2021Q4,woPad,0.01
2022Q1,woPad,0.02
2022Q2,woPad,0.02
2022Q3,woPad,0.02
2022Q4,woPad,0.02
2023Q1,woPad,0.02
2023Q2,woPad,0.02
2023Q3,woPad,0.02
2023Q4,woPad,0.02
2024Q1,woPad,0.02
2024Q2,woPad,0.02
2024Q3,woPad,0.02
2024Q4,woPad,0.02
2025Q1,woPad,0.03
2025Q2,woPad,0.03
2025Q3,woPad,0.03
2025Q4,woPad,0.02
2026Q1,woPad,0.03
2026Q2,woPad,0.03
2013Q1,Motorola,0.38
2013Q2,Motorola,0.32
2013Q3,Motorola,0.27
2013Q4,Motorola,0.22
2014Q1,Motorola,0.17
2014Q2,Motorola,0.14
2014Q3,Motorola,0.11
2014Q4,Motorola,0.1
2015Q1,Motorola,0.12
2015Q2,Motorola,0.08
2015Q3,Motorola,0.07
2015Q4,Motorola,0.06
2016Q1,Motorola,0.05
2016Q2,Motorola,0.04
2016Q3,Motorola,0.04
2016Q4,Motorola,0.03
2017Q1,Motorola,0.03
2017Q2,Motorola,0.02
2017Q3,Motorola,0.03
2017Q4,Motorola,0.02
2018Q1,Motorola,0.02
2018Q2,Motorola,0.02
2018Q3,Motorola,0.01
2018Q4,Motorola,0.01
2019Q1,Motorola,0.02
2019Q2,Motorola,0.02
2019Q3,Motorola,0.01
2019Q4,Motorola,0.01
2020Q1,Motorola,0.01
2020Q2,Motorola,0.01
2020Q3,Motorola,0.01
2020Q4,Motorola,0.01
2021Q1,Motorola,0.01
2021Q2,Motorola,0.01
2021Q3,Motorola,0.0
2021Q4,Motorola,0.0
2022Q1,Motorola,0.01
2022Q2,Motorola,0.01
2022Q3,Motorola,0.04
2022Q4,Motorola,0.07
2023Q1,Motorola,0.07
2023Q2,Motorola,0.08
2023Q3,Motorola,0.07
2023Q4,Motorola,0.07
2024Q1,Motorola,0.06
2024Q2,Motorola,0.04
2024Q3,Motorola,0.02
2024Q4,Motorola,0.02
2025Q1,Motorola,0.01
2025Q2,Motorola,0.01
2025Q3,Motorola,0.0
2025Q4,Motorola,0.0
2026Q1,Motorola,0.0
2026Q2,Motorola,0.0
2013Q1,Intel,0.0
2013Q2,Intel,0.0
2013Q3,Intel,0.0
2013Q4,Intel,0.0
2014Q1,Intel,0.0
2014Q2,Intel,0.0
2014Q3,Intel,0.0
2014Q4,Intel,0.08
2015Q1,Intel,0.07
2015Q2,Intel,0.07
2015Q3,Intel,0.09
2015Q4,Intel,0.14
2016Q1,Intel,0.15
2016Q2,Intel,0.16
2016Q3,Intel,0.17
2016Q4,Intel,0.18
2017Q1,Intel,0.21
2017Q2,Intel,0.2
2017Q3,Intel,0.2
2017Q4,Intel,0.19
2018Q1,Intel,0.2
2018Q2,Intel,0.19
2018Q3,Intel,0.17
2018Q4,Intel,0.14
2019Q1,Intel,0.11
2019Q2,Intel,0.09
2019Q3,Intel,0.09
2019Q4,Intel,0.1
2020Q1,Intel,0.11
2020Q2,Intel,0.1
2020Q3,Intel,0.11
2020Q4,Intel,0.11
2021Q1,Intel,0.12
2021Q2,Intel,0.12
2021Q3,Intel,0.1
2021Q4,Intel,0.1
2022Q1,Intel,0.09
2022Q2,Intel,0.08
2022Q3,Intel,0.09
2022Q4,Intel,0.07
2023Q1,Intel,0.05
2023Q2,Intel,0.05
2023Q3,Intel,0.04
2023Q4,Intel,0.03
2024Q1,Intel,0.03
2024Q2,Intel,0.03
2024Q3,Intel,0.02
2024Q4,Intel,0.01
2025Q1,Intel,0.01
2025Q2,Intel,0.01
2025Q3,Intel,0.01
2025Q4,Intel,0.0
2026Q1,Intel,0.0
2026Q2,Intel,0.01
2013Q1,Vodafone,0.02
2013Q2,Vodafone,0.02
2013Q3,Vodafone,0.02
2013Q4,Vodafone,0.01
2014Q1,Vodafone,0.02
2014Q2,Vodafone,0.03
2014Q3,Vodafone,0.03
2014Q4,Vodafone,0.04
2015Q1,Vodafone,0.04
2015Q2,Vodafone,0.04
2015Q3,Vodafone,0.05
2015Q4,Vodafone,0.05
2016Q1,Vodafone,0.04
2016Q2,Vodafone,0.03
2016Q3,Vodafone,0.03
2016Q4,Vodafone,0.06
2017Q1,Vodafone,0.13
2017Q2,Vodafone,0.15
2017Q3,Vodafone,0.16
2017Q4,Vodafone,0.18
2018Q1,Vodafone,0.21
2018Q2,Vodafone,0.23
2018Q3,Vodafone,0.24
2018Q4,Vodafone,0.16
2019Q1,Vodafone,0.13
2019Q2,Vodafone,0.17
2019Q3,Vodafone,0.15
2019Q4,Vodafone,0.16
2020Q1,Vodafone,0.18
2020Q2,Vodafone,0.15
2020Q3,Vodafone,0.14
2020Q4,Vodafone,0.13
2021Q1,Vodafone,0.11
2021Q2,Vodafone,0.1
2021Q3,Vodafone,0.08
2021Q4,Vodafone,0.09
2022Q1,Vodafone,0.08
2022Q2,Vodafone,0.08
2022Q3,Vodafone,0.08
2022Q4,Vodafone,0.07
2023Q1,Vodafone,0.06
2023Q2,Vodafone,0.06
2023Q3,Vodafone,0.05
2023Q4,Vodafone,0.05
2024Q1,Vodafone,0.04
2024Q2,Vodafone,0.03
2024Q3,Vodafone,0.03
2024Q4,Vodafone,0.02
2025Q1,Vodafone,0.02
2025Q2,Vodafone,0.02
2025Q3,Vodafone,0.02
2025Q4,Vodafone,0.02
2026Q1,Vodafone,0.01
2026Q2,Vodafone,0.01
2013Q1,LG,0.02
2013Q2,LG,0.02
2013Q3,LG,0.02
2013Q4,LG,0.02
2014Q1,LG,0.01
2014Q2,LG,0.02
2014Q3,LG,0.05
2014Q4,LG,0.09
2015Q1,LG,0.14
2015Q2,LG,0.12
2015Q3,LG,0.12
2015Q4,LG,0.11
2016Q1,LG,0.11
2016Q2,LG,0.1
2016Q3,LG,0.09
2016Q4,LG,0.1
2017Q1,LG,0.13
2017Q2,LG,0.13
2017Q3,LG,0.13
2017Q4,LG,0.11
2018Q1,LG,0.11
2018Q2,LG,0.1
2018Q3,LG,0.09
2018Q4,LG,0.07
2019Q1,LG,0.05
2019Q2,LG,0.05
2019Q3,LG,0.05
2019Q4,LG,0.06
2020Q1,LG,0.05
2020Q2,LG,0.04
2020Q3,LG,0.04
2020Q4,LG,0.03
2021Q1,LG,0.02
2021Q2,LG,0.02
2021Q3,LG,0.02
2021Q4,LG,0.01
2022Q1,LG,0.01
2022Q2,LG,0.01
2022Q3,LG,0.01
2022Q4,LG,0.01
2023Q1,LG,0.0
2023Q2,LG,0.01
2023Q3,LG,0.0
2023Q4,LG,0.0
2024Q1,LG,0.0
2024Q2,LG,0.0
2024Q3,LG,0.0
2024Q4,LG,0.0
2025Q1,LG,0.0
2025Q2,LG,0.0
2025Q3,LG,0.0
2025Q4,LG,0.0
2026Q1,LG,0.0
2026Q2,LG,0.0
2013Q1,Toshiba,0.25
2013Q2,Toshiba,0.19
2013Q3,Toshiba,0.16
2013Q4,Toshiba,0.13
2014Q1,Toshiba,0.11
2014Q2,Toshiba,0.11
2014Q3,Toshiba,0.1
2014Q4,Toshiba,0.09
2015Q1,Toshiba,0.08
2015Q2,Toshiba,0.07
2015Q3,Toshiba,0.06
2015Q4,Toshiba,0.06
2016Q1,Toshiba,0.05
2016Q2,Toshiba,0.04
2016Q3,Toshiba,0.04
2016Q4,Toshiba,0.03
2017Q1,Toshiba,0.03
2017Q2,Toshiba,0.02
2017Q3,Toshiba,0.02
2017Q4,Toshiba,0.02
2018Q1,Toshiba,0.02
2018Q2,Toshiba,0.02
2018Q3,Toshiba,0.01
2018Q4,Toshiba,0.01
2019Q1,Toshiba,0.01
2019Q2,Toshiba,0.01
2019Q3,Toshiba,0.01
2019Q4,Toshiba,0.01
2020Q1,Toshiba,0.01
2020Q2,Toshiba,0.01
2020Q3,Toshiba,0.0
2020Q4,Toshiba,0.0
2021Q1,Toshiba,0.0
2021Q2,Toshiba,0.0
2021Q3,Toshiba,0.0
2021Q4,Toshiba,0.0
2022Q1,Toshiba,0.0
2022Q2,Toshiba,0.0
2022Q3,Toshiba,0.0
2022Q4,Toshiba,0.0
2023Q1,Toshiba,0.0
2023Q2,Toshiba,0.0
2023Q3,Toshiba,0.0
2023Q4,Toshiba,0.0
2024Q1,Toshiba,0.0
2024Q2,Toshiba,0.0
2024Q3,Toshiba,0.0
2024Q4,Toshiba,0.0
2025Q1,Toshiba,0.0
2025Q2,Toshiba,0.0
2025Q3,Toshiba,0.0
2025Q4,Toshiba,0.0
2026Q1,Toshiba,0.0
2026Q2,Toshiba,0.0
2013Q1,Dell,0.0
2013Q2,Dell,0.0
2013Q3,Dell,0.0
2013Q4,Dell,0.0
2014Q1,Dell,0.0
2014Q2,Dell,0.07
2014Q3,Dell,0.1
2014Q4,Dell,0.14
2015Q1,Dell,0.15
2015Q2,Dell,0.14
2015Q3,Dell,0.15
2015Q4,Dell,0.14
2016Q1,Dell,0.13
2016Q2,Dell,0.12
2016Q3,Dell,0.11
2016Q4,Dell,0.09
2017Q1,Dell,0.08
2017Q2,Dell,0.07
2017Q3,Dell,0.06
2017Q4,Dell,0.05
2018Q1,Dell,0.05
2018Q2,Dell,0.04
2018Q3,Dell,0.03
2018Q4,Dell,0.03
2019Q1,Dell,0.02
2019Q2,Dell,0.02
2019Q3,Dell,0.02
2019Q4,Dell,0.02
2020Q1,Dell,0.02
2020Q2,Dell,0.01
2020Q3,Dell,0.02
2020Q4,Dell,0.01
2021Q1,Dell,0.01
2021Q2,Dell,0.01
2021Q3,Dell,0.01
2021Q4,Dell,0.01
2022Q1,Dell,0.01
2022Q2,Dell,0.01
2022Q3,Dell,0.01
2022Q4,Dell,0.01
2023Q1,Dell,0.01
2023Q2,Dell,0.01
2023Q3,Dell,0.01
2023Q4,Dell,0.02
2024Q1,Dell,0.02
2024Q2,Dell,0.02
2024Q3,Dell,0.01
2024Q4,Dell,0.01
2025Q1,Dell,0.0
2025Q2,Dell,0.0
2025Q3,Dell,0.0
2025Q4,Dell,0.0
2026Q1,Dell,0.0
2026Q2,Dell,0.0
2013Q1,HP,0.19
2013Q2,HP,0.15
2013Q3,HP,0.13
2013Q4,HP,0.1
2014Q1,HP,0.07
2014Q2,HP,0.05
2014Q3,HP,0.04
2014Q4,HP,0.04
2015Q1,HP,0.05
2015Q2,HP,0.05
2015Q3,HP,0.06
2015Q4,HP,0.04
2016Q1,HP,0.03
2016Q2,HP,0.03
2016Q3,HP,0.03
2016Q4,HP,0.03
2017Q1,HP,0.02
2017Q2,HP,0.02
2017Q3,HP,0.02
2017Q4,HP,0.01
2018Q1,HP,0.02
2018Q2,HP,0.01
2018Q3,HP,0.01
2018Q4,HP,0.01
2019Q1,HP,0.01
2019Q2,HP,0.05
2019Q3,HP,0.05
2019Q4,HP,0.1
2020Q1,HP,0.11
2020Q2,HP,0.12
2020Q3,HP,0.16
2020Q4,HP,0.19
2021Q1,HP,0.23
2021Q2,HP,0.31
2021Q3,HP,0.01
2021Q4,HP,0.01
2022Q1,HP,0.0
2022Q2,HP,0.0
2022Q3,HP,0.0
2022Q4,HP,0.0
2023Q1,HP,0.0
2023Q2,HP,0.0
2023Q3,HP,0.0
2023Q4,HP,0.0
2024Q1,HP,0.0
2024Q2,HP,0.0
2024Q3,HP,0.0
2024Q4,HP,0.0
2025Q1,HP,0.0
2025Q2,HP,0.0
2025Q3,HP,0.0
2025Q4,HP,0.0
2026Q1,HP,0.0
2026Q2,HP,0.0
2013Q1,bq,0.0
2013Q2,bq,0.0
2013Q3,bq,0.0
2013Q4,bq,0.0
2014Q1,bq,0.0
2014Q2,bq,0.0
2014Q3,bq,0.0
2014Q4,bq,0.0
2015Q1,bq,0.04
2015Q2,bq,0.05
2015Q3,bq,0.05
2015Q4,bq,0.07
2016Q1,bq,0.08
2016Q2,bq,0.08
2016Q3,bq,0.07
2016Q4,bq,0.09
2017Q1,bq,0.12
2017Q2,bq,0.11
2017Q3,bq,0.1
2017Q4,bq,0.12
2018Q1,bq,0.12
2018Q2,bq,0.11
2018Q3,bq,0.1
2018Q4,bq,0.07
2019Q1,bq,0.06
2019Q2,bq,0.1
2019Q3,bq,0.09
2019Q4,bq,0.13
2020Q1,bq,0.14
2020Q2,bq,0.14
2020Q3,bq,0.11
2020Q4,bq,0.12
2021Q1,bq,0.1
2021Q2,bq,0.09
2021Q3,bq,0.07
2021Q4,bq,0.09
2022Q1,bq,0.09
2022Q2,bq,0.08
2022Q3,bq,0.07
2022Q4,bq,0.08
2023Q1,bq,0.08
2023Q2,bq,0.07
2023Q3,bq,0.05
2023Q4,bq,0.05
2024Q1,bq,0.05
2024Q2,bq,0.04
2024Q3,bq,0.03
2024Q4,bq,0.03
2025Q1,bq,0.03
2025Q2,bq,0.02
2025Q3,bq,0.02
2025Q4,bq,0.02
2026Q1,bq,0.02
2026Q2,bq,0.02
2013Q1,eSTAR,0.0
2013Q2,eSTAR,0.0
2013Q3,eSTAR,0.0
2013Q4,eSTAR,0.0
2014Q1,eSTAR,0.0
2014Q2,eSTAR,0.0
2014Q3,eSTAR,0.0
2014Q4,eSTAR,0.0
2015Q1,eSTAR,0.0
2015Q2,eSTAR,0.0
2015Q3,eSTAR,0.0
2015Q4,eSTAR,0.0
2016Q1,eSTAR,0.0
2016Q2,eSTAR,0.0
2016Q3,eSTAR,0.0
2016Q4,eSTAR,0.1
2017Q1,eSTAR,0.21
2017Q2,eSTAR,0.21
2017Q3,eSTAR,0.2
2017Q4,eSTAR,0.22
2018Q1,eSTAR,0.23
2018Q2,eSTAR,0.24
2018Q3,eSTAR,0.22
2018Q4,eSTAR,0.19
2019Q1,eSTAR,0.14
2019Q2,eSTAR,0.12
2019Q3,eSTAR,0.11
2019Q4,eSTAR,0.11
2020Q1,eSTAR,0.09
2020Q2,eSTAR,0.06
2020Q3,eSTAR,0.06
2020Q4,eSTAR,0.02
2021Q1,eSTAR,0.0
2021Q2,eSTAR,0.0
2021Q3,eSTAR,0.0
2021Q4,eSTAR,0.0
2022Q1,eSTAR,0.0
2022Q2,eSTAR,0.0
2022Q3,eSTAR,0.0
2022Q4,eSTAR,0.0
2023Q1,eSTAR,0.0
2023Q2,eSTAR,0.0
2023Q3,eSTAR,0.0
2023Q4,eSTAR,0.0
2024Q1,eSTAR,0.0
2024Q2,eSTAR,0.0
2024Q3,eSTAR,0.0
2024Q4,eSTAR,0.0
2025Q1,eSTAR,0.0
2025Q2,eSTAR,0.0
2025Q3,eSTAR,0.0
2025Q4,eSTAR,0.0
2026Q1,eSTAR,0.0
2026Q2,eSTAR,0.0
2013Q1,Vestel,0.0
2013Q2,Vestel,0.0
2013Q3,Vestel,0.0
2013Q4,Vestel,0.0
2014Q1,Vestel,0.0
2014Q2,Vestel,0.0
2014Q3,Vestel,0.0
2014Q4,Vestel,0.0
2015Q1,Vestel,0.0
2015Q2,Vestel,0.0
2015Q3,Vestel,0.05
2015Q4,Vestel,0.08
2016Q1,Vestel,0.05
2016Q2,Vestel,0.04
2016Q3,Vestel,0.03
2016Q4,Vestel,0.15
2017Q1,Vestel,0.24
2017Q2,Vestel,0.23
2017Q3,Vestel,0.2
2017Q4,Vestel,0.15
2018Q1,Vestel,0.13
2018Q2,Vestel,0.06
2018Q3,Vestel,0.08
2018Q4,Vestel,0.05
2019Q1,Vestel,0.05
2019Q2,Vestel,0.06
2019Q3,Vestel,0.04
2019Q4,Vestel,0.04
2020Q1,Vestel,0.04
2020Q2,Vestel,0.03
2020Q3,Vestel,0.04
2020Q4,Vestel,0.03
2021Q1,Vestel,0.03
2021Q2,Vestel,0.03
2021Q3,Vestel,0.02
2021Q4,Vestel,0.02
2022Q1,Vestel,0.01
2022Q2,Vestel,0.01
2022Q3,Vestel,0.01
2022Q4,Vestel,0.01
2023Q1,Vestel,0.01
2023Q2,Vestel,0.01
2023Q3,Vestel,0.0
2023Q4,Vestel,0.01
2024Q1,Vestel,0.0
2024Q2,Vestel,0.0
2024Q3,Vestel,0.0
2024Q4,Vestel,0.01
2025Q1,Vestel,0.01
2025Q2,Vestel,0.0
2025Q3,Vestel,0.0
2025Q4,Vestel,0.0
2026Q1,Vestel,0.0
2026Q2,Vestel,0.0
2013Q1,Tecno,0.0
2013Q2,Tecno,0.0
2013Q3,Tecno,0.0
2013Q4,Tecno,0.0
2014Q1,Tecno,0.0
2014Q2,Tecno,0.0
2014Q3,Tecno,0.0
2014Q4,Tecno,0.0
2015Q1,Tecno,0.0
2015Q2,Tecno,0.0
2015Q3,Tecno,0.0
2015Q4,Tecno,0.0
2016Q1,Tecno,0.0
2016Q2,Tecno,0.0
2016Q3,Tecno,0.0
2016Q4,Tecno,0.0
2017Q1,Tecno,0.12
2017Q2,Tecno,0.14
2017Q3,Tecno,0.14
2017Q4,Tecno,0.13
2018Q1,Tecno,0.12
2018Q2,Tecno,0.13
2018Q3,Tecno,0.12
2018Q4,Tecno,0.17
2019Q1,Tecno,0.2
2019Q2,Tecno,0.19
2019Q3,Tecno,0.21
2019Q4,Tecno,0.21
2020Q1,Tecno,0.15
2020Q2,Tecno,0.13
2020Q3,Tecno,0.15
2020Q4,Tecno,0.13
2021Q1,Tecno,0.12
2021Q2,Tecno,0.13
2021Q3,Tecno,0.12
2021Q4,Tecno,0.1
2022Q1,Tecno,0.08
2022Q2,Tecno,0.08
2022Q3,Tecno,0.09
2022Q4,Tecno,0.08
2023Q1,Tecno,0.07
2023Q2,Tecno,0.06
2023Q3,Tecno,0.06
2023Q4,Tecno,0.05
2024Q1,Tecno,0.04
2024Q2,Tecno,0.04
2024Q3,Tecno,0.03
2024Q4,Tecno,0.04
2025Q1,Tecno,0.03
2025Q2,Tecno,0.02
2025Q3,Tecno,0.02
2025Q4,Tecno,0.02
2026Q1,Tecno,0.01
2026Q2,Tecno,0.01
2013Q1,ZTE,0.02
2013Q2,ZTE,0.02
2013Q3,ZTE,0.02
2013Q4,ZTE,0.02
2014Q1,ZTE,0.02
2014Q2,ZTE,0.02
2014Q3,ZTE,0.02
2014Q4,ZTE,0.02
2015Q1,ZTE,0.02
2015Q2,ZTE,0.03
2015Q3,ZTE,0.03
2015Q4,ZTE,0.02
2016Q1,ZTE,0.02
2016Q2,ZTE,0.02
2016Q3,ZTE,0.02
2016Q4,ZTE,0.02
2017Q1,ZTE,0.06
2017Q2,ZTE,0.09
2017Q3,ZTE,0.11
2017Q4,ZTE,0.11
2018Q1,ZTE,0.13
2018Q2,ZTE,0.12
2018Q3,ZTE,0.12
2018Q4,ZTE,0.07
2019Q1,ZTE,0.06
2019Q2,ZTE,0.1
2019Q3,ZTE,0.09
2019Q4,ZTE,0.11
2020Q1,ZTE,0.1
2020Q2,ZTE,0.09
2020Q3,ZTE,0.08
2020Q4,ZTE,0.07
2021Q1,ZTE,0.06
2021Q2,ZTE,0.06
2021Q3,ZTE,0.07
2021Q4,ZTE,0.06
2022Q1,ZTE,0.05
2022Q2,ZTE,0.04
2022Q3,ZTE,0.04
2022Q4,ZTE,0.04
2023Q1,ZTE,0.04
2023Q2,ZTE,0.05
2023Q3,ZTE,0.04
2023Q4,ZTE,0.03
2024Q1,ZTE,0.03
2024Q2,ZTE,0.02
2024Q3,ZTE,0.02
2024Q4,ZTE,0.03
2025Q1,ZTE,0.03
2025Q2,ZTE,0.02
2025Q3,ZTE,0.02
2025Q4,ZTE,0.02
2026Q1,ZTE,0.02
2026Q2,ZTE,0.01
2013Q1,Nextbook,0.0
2013Q2,Nextbook,0.0
2013Q3,Nextbook,0.0
2013Q4,Nextbook,0.0
2014Q1,Nextbook,0.0
2014Q2,Nextbook,0.0
2014Q3,Nextbook,0.0
2014Q4,Nextbook,0.0
2015Q1,Nextbook,0.0
2015Q2,Nextbook,0.04
2015Q3,Nextbook,0.03
2015Q4,Nextbook,0.03
2016Q1,Nextbook,0.02
2016Q2,Nextbook,0.02
2016Q3,Nextbook,0.02
2016Q4,Nextbook,0.04
2017Q1,Nextbook,0.08
2017Q2,Nextbook,0.1
2017Q3,Nextbook,0.11
2017Q4,Nextbook,0.09
2018Q1,Nextbook,0.11
2018Q2,Nextbook,0.07
2018Q3,Nextbook,0.07
2018Q4,Nextbook,0.04
2019Q1,Nextbook,0.03
2019Q2,Nextbook,0.04
2019Q3,Nextbook,0.03
2019Q4,Nextbook,0.03
2020Q1,Nextbook,0.02
2020Q2,Nextbook,0.02
2020Q3,Nextbook,0.02
2020Q4,Nextbook,0.01
2021Q1,Nextbook,0.01
2021Q2,Nextbook,0.01
2021Q3,Nextbook,0.01
2021Q4,Nextbook,0.01
2022Q1,Nextbook,0.01
2022Q2,Nextbook,0.01
2022Q3,Nextbook,0.01
2022Q4,Nextbook,0.0
2023Q1,Nextbook,0.0
2023Q2,Nextbook,0.0
2023Q3,Nextbook,0.0
2023Q4,Nextbook,0.0
2024Q1,Nextbook,0.0
2024Q2,Nextbook,0.0
2024Q3,Nextbook,0.0
2024Q4,Nextbook,0.0
2025Q1,Nextbook,0.0
2025Q2,Nextbook,0.0
2025Q3,Nextbook,0.0
2025Q4,Nextbook,0.0
2026Q1,Nextbook,0.0
2026Q2,Nextbook,0.0
2013Q1,Kupa,0.0
2013Q2,Kupa,0.0
2013Q3,Kupa,0.0
2013Q4,Kupa,0.0
2014Q1,Kupa,0.0
2014Q2,Kupa,0.0
2014Q3,Kupa,0.0
2014Q4,Kupa,0.0
2015Q1,Kupa,0.0
2015Q2,Kupa,0.0
2015Q3,Kupa,0.0
2015Q4,Kupa,0.0
2016Q1,Kupa,0.0
2016Q2,Kupa,0.0
2016Q3,Kupa,0.0
2016Q4,Kupa,0.03
2017Q1,Kupa,0.2
2017Q2,Kupa,0.16
2017Q3,Kupa,0.12
2017Q4,Kupa,0.11
2018Q1,Kupa,0.1
2018Q2,Kupa,0.09
2018Q3,Kupa,0.07
2018Q4,Kupa,0.06
2019Q1,Kupa,0.04
2019Q2,Kupa,0.03
2019Q3,Kupa,0.03
2019Q4,Kupa,0.03
2020Q1,Kupa,0.02
2020Q2,Kupa,0.01
2020Q3,Kupa,0.01
2020Q4,Kupa,0.0
2021Q1,Kupa,0.0
2021Q2,Kupa,0.0
2021Q3,Kupa,0.0
2021Q4,Kupa,0.0
2022Q1,Kupa,0.0
2022Q2,Kupa,0.0
2022Q3,Kupa,0.0
2022Q4,Kupa,0.0
2023Q1,Kupa,0.0
2023Q2,Kupa,0.0
2023Q3,Kupa,0.0
2023Q4,Kupa,0.0
2024Q1,Kupa,0.0
2024Q2,Kupa,0.0
2024Q3,Kupa,0.0
2024Q4,Kupa,0.0
2025Q1,Kupa,0.0
2025Q2,Kupa,0.0
2025Q3,Kupa,0.0
2025Q4,Kupa,0.0
2026Q1,Kupa,0.0
2026Q2,Kupa,0.0
2013Q1,Reeder,0.0
2013Q2,Reeder,0.0
2013Q3,Reeder,0.0
2013Q4,Reeder,0.0
2014Q1,Reeder,0.0
2014Q2,Reeder,0.0
2014Q3,Reeder,0.0
2014Q4,Reeder,0.0
2015Q1,Reeder,0.0
2015Q2,Reeder,0.0
2015Q3,Reeder,0.02
2015Q4,Reeder,0.06
2016Q1,Reeder,0.05
2016Q2,Reeder,0.04
2016Q3,Reeder,0.04
2016Q4,Reeder,0.06
2017Q1,Reeder,0.09
2017Q2,Reeder,0.09
2017Q3,Reeder,0.08
2017Q4,Reeder,0.07
2018Q1,Reeder,0.06
2018Q2,Reeder,0.03
2018Q3,Reeder,0.04
2018Q4,Reeder,0.04
2019Q1,Reeder,0.04
2019Q2,Reeder,0.05
2019Q3,Reeder,0.03
2019Q4,Reeder,0.03
2020Q1,Reeder,0.03
2020Q2,Reeder,0.03
2020Q3,Reeder,0.04
2020Q4,Reeder,0.03
2021Q1,Reeder,0.03
2021Q2,Reeder,0.03
2021Q3,Reeder,0.02
2021Q4,Reeder,0.02
2022Q1,Reeder,0.02
2022Q2,Reeder,0.02
2022Q3,Reeder,0.01
2022Q4,Reeder,0.01
2023Q1,Reeder,0.01
2023Q2,Reeder,0.01
2023Q3,Reeder,0.0
2023Q4,Reeder,0.0
2024Q1,Reeder,0.0
2024Q2,Reeder,0.0
2024Q3,Reeder,0.01
2024Q4,Reeder,0.01
2025Q1,Reeder,0.0
2025Q2,Reeder,0.01
2025Q3,Reeder,0.01
2025Q4,Reeder,0.01
2026Q1,Reeder,0.0
2026Q2,Reeder,0.0
2013Q1,nVidia,0.0
2013Q2,nVidia,0.0
2013Q3,nVidia,0.0
2013Q4,nVidia,0.0
2014Q1,nVidia,0.0
2014Q2,nVidia,0.0
2014Q3,nVidia,0.0
2014Q4,nVidia,0.0
2015Q1,nVidia,0.01
2015Q2,nVidia,0.02
2015Q3,nVidia,0.02
2015Q4,nVidia,0.03
2016Q1,nVidia,0.04
2016Q2,nVidia,0.05
2016Q3,nVidia,0.05
2016Q4,nVidia,0.05
2017Q1,nVidia,0.06
2017Q2,nVidia,0.06
2017Q3,nVidia,0.07
2017Q4,nVidia,0.06
2018Q1,nVidia,0.06
2018Q2,nVidia,0.06
2018Q3,nVidia,0.04
2018Q4,nVidia,0.04
2019Q1,nVidia,0.03
2019Q2,nVidia,0.03
2019Q3,nVidia,0.02
2019Q4,nVidia,0.03
2020Q1,nVidia,0.03
2020Q2,nVidia,0.02
2020Q3,nVidia,0.02
2020Q4,nVidia,0.02
2021Q1,nVidia,0.0
2021Q2,nVidia,0.0
2021Q3,nVidia,0.0
2021Q4,nVidia,0.0
2022Q1,nVidia,0.0
2022Q2,nVidia,0.0
2022Q3,nVidia,0.0
2022Q4,nVidia,0.0
2023Q1,nVidia,0.0
2023Q2,nVidia,0.0
2023Q3,nVidia,0.0
2023Q4,nVidia,0.0
2024Q1,nVidia,0.0
2024Q2,nVidia,0.0
2024Q3,nVidia,0.0
2024Q4,nVidia,0.0
2025Q1,nVidia,0.0
2025Q2,nVidia,0.0
2025Q3,nVidia,0.0
2025Q4,nVidia,0.0
2026Q1,nVidia,0.0
2026Q2,nVidia,0.0
2013Q1,Realme,0.0
2013Q2,Realme,0.0
2013Q3,Realme,0.0
2013Q4,Realme,0.0
2014Q1,Realme,0.0
2014Q2,Realme,0.0
2014Q3,Realme,0.0
2014Q4,Realme,0.0
2015Q1,Realme,0.0
2015Q2,Realme,0.0
2015Q3,Realme,0.0
2015Q4,Realme,0.0
2016Q1,Realme,0.0
2016Q2,Realme,0.0
2016Q3,Realme,0.0
2016Q4,Realme,0.0
2017Q1,Realme,0.0
2017Q2,Realme,0.0
2017Q3,Realme,0.0
2017Q4,Realme,0.0
2018Q1,Realme,0.0
2018Q2,Realme,0.0
2018Q3,Realme,0.0
2018Q4,Realme,0.0
2019Q1,Realme,0.0
2019Q2,Realme,0.0
2019Q3,Realme,0.0
2019Q4,Realme,0.0
2020Q1,Realme,0.0
2020Q2,Realme,0.0
2020Q3,Realme,0.0
2020Q4,Realme,0.0
2021Q1,Realme,0.0
2021Q2,Realme,0.0
2021Q3,Realme,0.0
2021Q4,Realme,0.0
2022Q1,Realme,0.0
2022Q2,Realme,0.0
2022Q3,Realme,0.03
2022Q4,Realme,0.18
2023Q1,Realme,0.2
2023Q2,Realme,0.2
2023Q3,Realme,0.25
2023Q4,Realme,0.21
2024Q1,Realme,0.17
2024Q2,Realme,0.19
2024Q3,Realme,0.33
2024Q4,Realme,0.57
2025Q1,Realme,0.54
2025Q2,Realme,0.7
2025Q3,Realme,0.79
2025Q4,Realme,0.69
2026Q1,Realme,0.55
2026Q2,Realme,0.66
2013Q1,AlcateI,0.0
2013Q2,AlcateI,0.0
2013Q3,AlcateI,0.0
2013Q4,AlcateI,0.0
2014Q1,AlcateI,0.0
2014Q2,AlcateI,0.0
2014Q3,AlcateI,0.0
2014Q4,AlcateI,0.0
2015Q1,AlcateI,0.0
2015Q2,AlcateI,0.0
2015Q3,AlcateI,0.0
2015Q4,AlcateI,0.0
2016Q1,AlcateI,0.0
2016Q2,AlcateI,0.0
2016Q3,AlcateI,0.0
2016Q4,AlcateI,0.0
2017Q1,AlcateI,0.03
2017Q2,AlcateI,0.06
2017Q3,AlcateI,0.08
2017Q4,AlcateI,0.08
2018Q1,AlcateI,0.09
2018Q2,AlcateI,0.11
2018Q3,AlcateI,0.11
2018Q4,AlcateI,0.07
2019Q1,AlcateI,0.06
2019Q2,AlcateI,0.07
2019Q3,AlcateI,0.06
2019Q4,AlcateI,0.08
2020Q1,AlcateI,0.07
2020Q2,AlcateI,0.06
2020Q3,AlcateI,0.05
2020Q4,AlcateI,0.03
2021Q1,AlcateI,0.0
2021Q2,AlcateI,0.0
2021Q3,AlcateI,0.0
2021Q4,AlcateI,0.0
2022Q1,AlcateI,0.0
2022Q2,AlcateI,0.0
2022Q3,AlcateI,0.0
2022Q4,AlcateI,0.0
2023Q1,AlcateI,0.0
2023Q2,AlcateI,0.0
2023Q3,AlcateI,0.0
2023Q4,AlcateI,0.0
2024Q1,AlcateI,0.0
2024Q2,AlcateI,0.0
2024Q3,AlcateI,0.0
2024Q4,AlcateI,0.0
2025Q1,AlcateI,0.0
2025Q2,AlcateI,0.0
2025Q3,AlcateI,0.0
2025Q4,AlcateI,0.0
2026Q1,AlcateI,0.0
2026Q2,AlcateI,0.0
2013Q1,Prestigio,0.01
2013Q2,Prestigio,0.01
2013Q3,Prestigio,0.01
2013Q4,Prestigio,0.0
2014Q1,Prestigio,0.0
2014Q2,Prestigio,0.0
2014Q3,Prestigio,0.0
2014Q4,Prestigio,0.01
2015Q1,Prestigio,0.02
2015Q2,Prestigio,0.02
2015Q3,Prestigio,0.01
2015Q4,Prestigio,0.01
2016Q1,Prestigio,0.01
2016Q2,Prestigio,0.01
2016Q3,Prestigio,0.01
2016Q4,Prestigio,0.01
2017Q1,Prestigio,0.02
2017Q2,Prestigio,0.03
2017Q3,Prestigio,0.03
2017Q4,Prestigio,0.04
2018Q1,Prestigio,0.04
2018Q2,Prestigio,0.05
2018Q3,Prestigio,0.06
2018Q4,Prestigio,0.04
2019Q1,Prestigio,0.03
2019Q2,Prestigio,0.04
2019Q3,Prestigio,0.04
2019Q4,Prestigio,0.04
2020Q1,Prestigio,0.04
2020Q2,Prestigio,0.03
2020Q3,Prestigio,0.03
2020Q4,Prestigio,0.02
2021Q1,Prestigio,0.01
2021Q2,Prestigio,0.04
2021Q3,Prestigio,0.03
2021Q4,Prestigio,0.04
2022Q1,Prestigio,0.06
2022Q2,Prestigio,0.07
2022Q3,Prestigio,0.07
2022Q4,Prestigio,0.06
2023Q1,Prestigio,0.02
2023Q2,Prestigio,0.02
2023Q3,Prestigio,0.0
2023Q4,Prestigio,0.01
2024Q1,Prestigio,0.04
2024Q2,Prestigio,0.04
2024Q3,Prestigio,0.01
2024Q4,Prestigio,0.05
2025Q1,Prestigio,0.01
2025Q2,Prestigio,0.05
2025Q3,Prestigio,0.02
2025Q4,Prestigio,0.01
2026Q1,Prestigio,0.03
2026Q2,Prestigio,0.06
2013Q1,Crius,0.0
2013Q2,Crius,0.0
2013Q3,Crius,0.0
2013Q4,Crius,0.0
2014Q1,Crius,0.0
2014Q2,Crius,0.0
2014Q3,Crius,0.04
2014Q4,Crius,0.04
2015Q1,Crius,0.03
2015Q2,Crius,0.04
2015Q3,Crius,0.05
2015Q4,Crius,0.03
2016Q1,Crius,0.03
2016Q2,Crius,0.03
2016Q3,Crius,0.02
2016Q4,Crius,0.01
2017Q1,Crius,0.01
2017Q2,Crius,0.01
2017Q3,Crius,0.01
2017Q4,Crius,0.01
2018Q1,Crius,0.01
2018Q2,Crius,0.01
2018Q3,Crius,0.0
2018Q4,Crius,0.0
2019Q1,Crius,0.0
2019Q2,Crius,0.0
2019Q3,Crius,0.0
2019Q4,Crius,0.0
2020Q1,Crius,0.0
2020Q2,Crius,0.0
2020Q3,Crius,0.0
2020Q4,Crius,0.0
2021Q1,Crius,0.0
2021Q2,Crius,0.0
2021Q3,Crius,0.0
2021Q4,Crius,0.0
2022Q1,Crius,0.0
2022Q2,Crius,0.0
2022Q3,Crius,0.0
2022Q4,Crius,0.0
2023Q1,Crius,0.0
2023Q2,Crius,0.0
2023Q3,Crius,0.0
2023Q4,Crius,0.0
2024Q1,Crius,0.0
2024Q2,Crius,0.0
2024Q3,Crius,0.0
2024Q4,Crius,0.0
2025Q1,Crius,0.0
2025Q2,Crius,0.0
2025Q3,Crius,0.0
2025Q4,Crius,0.0
2026Q1,Crius,0.0
2026Q2,Crius,0.0
2013Q1,Medion,0.0
2013Q2,Medion,0.0
2013Q3,Medion,0.0
2013Q4,Medion,0.0
2014Q1,Medion,0.0
2014Q2,Medion,0.0
2014Q3,Medion,0.0
2014Q4,Medion,0.0
2015Q1,Medion,0.0
2015Q2,Medion,0.0
2015Q3,Medion,0.0
2015Q4,Medion,0.0
2016Q1,Medion,0.0
2016Q2,Medion,0.0
2016Q3,Medion,0.0
2016Q4,Medion,0.0
2017Q1,Medion,0.01
2017Q2,Medion,0.03
2017Q3,Medion,0.04
2017Q4,Medion,0.05
2018Q1,Medion,0.05
2018Q2,Medion,0.06
2018Q3,Medion,0.07
2018Q4,Medion,0.04
2019Q1,Medion,0.03
2019Q2,Medion,0.06
2019Q3,Medion,0.05
2019Q4,Medion,0.06
2020Q1,Medion,0.07
2020Q2,Medion,0.05
2020Q3,Medion,0.04
2020Q4,Medion,0.04
2021Q1,Medion,0.04
2021Q2,Medion,0.03
2021Q3,Medion,0.03
2021Q4,Medion,0.03
2022Q1,Medion,0.03
2022Q2,Medion,0.03
2022Q3,Medion,0.03
2022Q4,Medion,0.03
2023Q1,Medion,0.02
2023Q2,Medion,0.02
2023Q3,Medion,0.02
2023Q4,Medion,0.02
2024Q1,Medion,0.02
2024Q2,Medion,0.01
2024Q3,Medion,0.01
2024Q4,Medion,0.01
2025Q1,Medion,0.01
2025Q2,Medion,0.01
2025Q3,Medion,0.01
2025Q4,Medion,0.01
2026Q1,Medion,0.01
2026Q2,Medion,0.01
2013Q1,White Label,0.0
2013Q2,White Label,0.0
2013Q3,White Label,0.0
2013Q4,White Label,0.0
2014Q1,White Label,0.0
2014Q2,White Label,0.0
2014Q3,White Label,0.01
2014Q4,White Label,0.02
2015Q1,White Label,0.02
2015Q2,White Label,0.02
2015Q3,White Label,0.02
2015Q4,White Label,0.02
2016Q1,White Label,0.02
2016Q2,White Label,0.02
2016Q3,White Label,0.03
2016Q4,White Label,0.03
2017Q1,White Label,0.02
2017Q2,White Label,0.02
2017Q3,White Label,0.03
2017Q4,White Label,0.03
2018Q1,White Label,0.02
2018Q2,White Label,0.02
2018Q3,White Label,0.03
2018Q4,White Label,0.01
2019Q1,White Label,0.01
2019Q2,White Label,0.01
2019Q3,White Label,0.01
2019Q4,White Label,0.01
2020Q1,White Label,0.01
2020Q2,White Label,0.01
2020Q3,White Label,0.01
2020Q4,White Label,0.01
2021Q1,White Label,0.0
2021Q2,White Label,0.0
2021Q3,White Label,0.0
2021Q4,White Label,0.0
2022Q1,White Label,0.0
2022Q2,White Label,0.0
2022Q3,White Label,0.0
2022Q4,White Label,0.0
2023Q1,White Label,0.0
2023Q2,White Label,0.0
2023Q3,White Label,0.0
2023Q4,White Label,0.0
2024Q1,White Label,0.0
2024Q2,White Label,0.0
2024Q3,White Label,0.0
2024Q4,White Label,0.0
2025Q1,White Label,0.0
2025Q2,White Label,0.01
2025Q3,White Label,0.0
2025Q4,White Label,0.0
2026Q1,White Label,0.0
2026Q2,White Label,0.0
2013Q1,HTC,0.01
2013Q2,HTC,0.01
2013Q3,HTC,0.04
2013Q4,HTC,0.03
2014Q1,HTC,0.03
2014Q2,HTC,0.02
2014Q3,HTC,0.02
2014Q4,HTC,0.02
2015Q1,HTC,0.01
2015Q2,HTC,0.01
2015Q3,HTC,0.02
2015Q4,HTC,0.02
2016Q1,HTC,0.01
2016Q2,HTC,0.02
2016Q3,HTC,0.01
2016Q4,HTC,0.01
2017Q1,HTC,0.01
2017Q2,HTC,0.01
2017Q3,HTC,0.0
2017Q4,HTC,0.0
2018Q1,HTC,0.0
2018Q2,HTC,0.0
2018Q3,HTC,0.0
2018Q4,HTC,0.0
2019Q1,HTC,0.0
2019Q2,HTC,0.0
2019Q3,HTC,0.0
2019Q4,HTC,0.0
2020Q1,HTC,0.0
2020Q2,HTC,0.0
2020Q3,HTC,0.0
2020Q4,HTC,0.0
2021Q1,HTC,0.0
2021Q2,HTC,0.0
2021Q3,HTC,0.0
2021Q4,HTC,0.0
2022Q1,HTC,0.0
2022Q2,HTC,0.0
2022Q3,HTC,0.0
2022Q4,HTC,0.0
2023Q1,HTC,0.0
2023Q2,HTC,0.0
2023Q3,HTC,0.0
2023Q4,HTC,0.0
2024Q1,HTC,0.0
2024Q2,HTC,0.0
2024Q3,HTC,0.0
2024Q4,HTC,0.0
2025Q1,HTC,0.0
2025Q2,HTC,0.0
2025Q3,HTC,0.0
2025Q4,HTC,0.0
2026Q1,HTC,0.0
2026Q2,HTC,0.0
2013Q1,Archos,0.07
2013Q2,Archos,0.05
2013Q3,Archos,0.03
2013Q4,Archos,0.03
2014Q1,Archos,0.02
2014Q2,Archos,0.02
2014Q3,Archos,0.01
2014Q4,Archos,0.01
2015Q1,Archos,0.01
2015Q2,Archos,0.01
2015Q3,Archos,0.01
2015Q4,Archos,0.0
2016Q1,Archos,0.0
2016Q2,Archos,0.0
2016Q3,Archos,0.0
2016Q4,Archos,0.0
2017Q1,Archos,0.0
2017Q2,Archos,0.0
2017Q3,Archos,0.0
2017Q4,Archos,0.0
2018Q1,Archos,0.0
2018Q2,Archos,0.0
2018Q3,Archos,0.0
2018Q4,Archos,0.0
2019Q1,Archos,0.0
2019Q2,Archos,0.0
2019Q3,Archos,0.0
2019Q4,Archos,0.0
2020Q1,Archos,0.0
2020Q2,Archos,0.0
2020Q3,Archos,0.0
2020Q4,Archos,0.0
2021Q1,Archos,0.0
2021Q2,Archos,0.0
2021Q3,Archos,0.0
2021Q4,Archos,0.0
2022Q1,Archos,0.0
2022Q2,Archos,0.0
2022Q3,Archos,0.0
2022Q4,Archos,0.0
2023Q1,Archos,0.0
2023Q2,Archos,0.0
2023Q3,Archos,0.0
2023Q4,Archos,0.0
2024Q1,Archos,0.0
2024Q2,Archos,0.0
2024Q3,Archos,0.0
2024Q4,Archos,0.0
2025Q1,Archos,0.0
2025Q2,Archos,0.0
2025Q3,Archos,0.0
2025Q4,Archos,0.0
2026Q1,Archos,0.0
2026Q2,Archos,0.0
2013Q1,Honor,0.0
2013Q2,Honor,0.0
2013Q3,Honor,0.0
2013Q4,Honor,0.0
2014Q1,Honor,0.0
2014Q2,Honor,0.0
2014Q3,Honor,0.0
2014Q4,Honor,0.0
2015Q1,Honor,0.0
2015Q2,Honor,0.0
2015Q3,Honor,0.0
2015Q4,Honor,0.0
2016Q1,Honor,0.0
2016Q2,Honor,0.0
2016Q3,Honor,0.0
2016Q4,Honor,0.0
2017Q1,Honor,0.0
2017Q2,Honor,0.0
2017Q3,Honor,0.0
2017Q4,Honor,0.0
2018Q1,Honor,0.0
2018Q2,Honor,0.0
2018Q3,Honor,0.0
2018Q4,Honor,0.0
2019Q1,Honor,0.0
2019Q2,Honor,0.0
2019Q3,Honor,0.0
2019Q4,Honor,0.0
2020Q1,Honor,0.0
2020Q2,Honor,0.0
2020Q3,Honor,0.0
2020Q4,Honor,0.0
2021Q1,Honor,0.0
2021Q2,Honor,0.0
2021Q3,Honor,0.0
2021Q4,Honor,0.0
2022Q1,Honor,0.0
2022Q2,Honor,0.0
2022Q3,Honor,0.0
2022Q4,Honor,0.0
2023Q1,Honor,0.0
2023Q2,Honor,0.0
2023Q3,Honor,0.0
2023Q4,Honor,0.09
2024Q1,Honor,0.13
2024Q2,Honor,0.17
2024Q3,Honor,0.3
2024Q4,Honor,0.38
2025Q1,Honor,0.44
2025Q2,Honor,0.5
2025Q3,Honor,0.51
2025Q4,Honor,0.45
2026Q1,Honor,0.5
2026Q2,Honor,0.56
2013Q1,Coolpad,0.0
2013Q2,Coolpad,0.01
2013Q3,Coolpad,0.01
2013Q4,Coolpad,0.01
2014Q1,Coolpad,0.02
2014Q2,Coolpad,0.01
2014Q3,Coolpad,0.02
2014Q4,Coolpad,0.01
2015Q1,Coolpad,0.02
2015Q2,Coolpad,0.02
2015Q3,Coolpad,0.02
2015Q4,Coolpad,0.01
2016Q1,Coolpad,0.01
2016Q2,Coolpad,0.02
2016Q3,Coolpad,0.02
2016Q4,Coolpad,0.01
2017Q1,Coolpad,0.01
2017Q2,Coolpad,0.01
2017Q3,Coolpad,0.01
2017Q4,Coolpad,0.01
2018Q1,Coolpad,0.01
2018Q2,Coolpad,0.01
2018Q3,Coolpad,0.0
2018Q4,Coolpad,0.0
2019Q1,Coolpad,0.0
2019Q2,Coolpad,0.0
2019Q3,Coolpad,0.0
2019Q4,Coolpad,0.0
2020Q1,Coolpad,0.0
2020Q2,Coolpad,0.0
2020Q3,Coolpad,0.0
2020Q4,Coolpad,0.0
2021Q1,Coolpad,0.0
2021Q2,Coolpad,0.0
2021Q3,Coolpad,0.0
2021Q4,Coolpad,0.0
2022Q1,Coolpad,0.0
2022Q2,Coolpad,0.0
2022Q3,Coolpad,0.0
2022Q4,Coolpad,0.0
2023Q1,Coolpad,0.0
2023Q2,Coolpad,0.0
2023Q3,Coolpad,0.0
2023Q4,Coolpad,0.0
2024Q1,Coolpad,0.0
2024Q2,Coolpad,0.0
2024Q3,Coolpad,0.0
2024Q4,Coolpad,0.0
2025Q1,Coolpad,0.0
2025Q2,Coolpad,0.0
2025Q3,Coolpad,0.0
2025Q4,Coolpad,0.0
2026Q1,Coolpad,0.0
2026Q2,Coolpad,0.0
2013Q1,NextBook,0.0
2013Q2,NextBook,0.0
2013Q3,NextBook,0.0
2013Q4,NextBook,0.0
2014Q1,NextBook,0.0
2014Q2,NextBook,0.07
2014Q3,NextBook,0.05
2014Q4,NextBook,0.04
2015Q1,NextBook,0.04
2015Q2,NextBook,0.0
2015Q3,NextBook,0.0
2015Q4,NextBook,0.0
2016Q1,NextBook,0.0
2016Q2,NextBook,0.0
2016Q3,NextBook,0.0
2016Q4,NextBook,0.0
2017Q1,NextBook,0.0
2017Q2,NextBook,0.0
2017Q3,NextBook,0.0
2017Q4,NextBook,0.0
2018Q1,NextBook,0.0
2018Q2,NextBook,0.0
2018Q3,NextBook,0.0
2018Q4,NextBook,0.0
2019Q1,NextBook,0.0
2019Q2,NextBook,0.0
2019Q3,NextBook,0.0
2019Q4,NextBook,0.0
2020Q1,NextBook,0.0
2020Q2,NextBook,0.0
2020Q3,NextBook,0.0
2020Q4,NextBook,0.0
2021Q1,NextBook,0.0
2021Q2,NextBook,0.0
2021Q3,NextBook,0.0
2021Q4,NextBook,0.0
2022Q1,NextBook,0.0
2022Q2,NextBook,0.0
2022Q3,NextBook,0.0
2022Q4,NextBook,0.0
2023Q1,NextBook,0.0
2023Q2,NextBook,0.0
2023Q3,NextBook,0.0
2023Q4,NextBook,0.0
2024Q1,NextBook,0.0
2024Q2,NextBook,0.0
2024Q3,NextBook,0.0
2024Q4,NextBook,0.0
2025Q1,NextBook,0.0
2025Q2,NextBook,0.0
2025Q3,NextBook,0.0
2025Q4,NextBook,0.0
2026Q1,NextBook,0.0
2026Q2,NextBook,0.0
2013Q1,Other,0.12
2013Q2,Other,0.09
2013Q3,Other,0.08
2013Q4,Other,0.08
2014Q1,Other,0.08
2014Q2,Other,0.11
2014Q3,Other,0.09
2014Q4,Other,0.08
2015Q1,Other,0.09
2015Q2,Other,0.1
2015Q3,Other,0.1
2015Q4,Other,0.1
2016Q1,Other,0.1
2016Q2,Other,0.09
2016Q3,Other,0.07
2016Q4,Other,0.09
2017Q1,Other,0.31
2017Q2,Other,0.57
2017Q3,Other,0.6
2017Q4,Other,0.58
2018Q1,Other,0.57
2018Q2,Other,0.53
2018Q3,Other,0.47
2018Q4,Other,0.31
2019Q1,Other,0.25
2019Q2,Other,0.28
2019Q3,Other,0.24
2019Q4,Other,0.23
2020Q1,Other,0.22
2020Q2,Other,0.2
2020Q3,Other,0.2
2020Q4,Other,0.17
2021Q1,Other,0.17
2021Q2,Other,0.15
2021Q3,Other,0.12
2021Q4,Other,0.11
2022Q1,Other,0.29
2022Q2,Other,0.28
2022Q3,Other,0.29
2022Q4,Other,0.3
2023Q1,Other,0.23
2023Q2,Other,0.22
2023Q3,Other,0.19
2023Q4,Other,0.31
2024Q1,Other,0.31
2024Q2,Other,0.39
2024Q3,Other,0.42
2024Q4,Other,0.43
2025Q1,Other,0.45
2025Q2,Other,0.42
2025Q3,Other,0.4
2025Q4,Other,0.32
2026Q1,Other,0.31
2026Q2,Other,0.3
